GO
USE DB_QUINIELAS
GO


/*TORNEO*/
INSERT INTO TORNEO(ID_TORNEO,NOMBRE_TORNEO) VALUES ('1','Copa Mundial de la FIFA Catar 2022');

/*GRUPOS*/
INSERT INTO GRUPOS(ID_GRUPO,NOMBRE_GRUPO,ID_TORNEO) VALUES ('A','Grupo A','1');
INSERT INTO GRUPOS(ID_GRUPO,NOMBRE_GRUPO,ID_TORNEO) VALUES ('B','Grupo B','1');
INSERT INTO GRUPOS(ID_GRUPO,NOMBRE_GRUPO,ID_TORNEO) VALUES ('C','Grupo C','1');
INSERT INTO GRUPOS(ID_GRUPO,NOMBRE_GRUPO,ID_TORNEO) VALUES ('D','Grupo D','1');
INSERT INTO GRUPOS(ID_GRUPO,NOMBRE_GRUPO,ID_TORNEO) VALUES ('E','Grupo E','1');
INSERT INTO GRUPOS(ID_GRUPO,NOMBRE_GRUPO,ID_TORNEO) VALUES ('F','Grupo F','1');
INSERT INTO GRUPOS(ID_GRUPO,NOMBRE_GRUPO,ID_TORNEO) VALUES ('G','Grupo G','1');
INSERT INTO GRUPOS(ID_GRUPO,NOMBRE_GRUPO,ID_TORNEO) VALUES ('H','Grupo H','1');

/*EQUIPOS*/
INSERT INTO EQUIPOS(ID_EQUIPO,NOMBRE_EQUIPO, ID_GRUPO) VALUES ('QAT','Qatar','A');
INSERT INTO EQUIPOS(ID_EQUIPO,NOMBRE_EQUIPO, ID_GRUPO) VALUES ('ECU','Ecuador','A');
INSERT INTO EQUIPOS(ID_EQUIPO,NOMBRE_EQUIPO, ID_GRUPO) VALUES ('SEN','Senegal','A');
INSERT INTO EQUIPOS(ID_EQUIPO,NOMBRE_EQUIPO, ID_GRUPO) VALUES ('HOL','Países Bajos','A');
INSERT INTO EQUIPOS(ID_EQUIPO,NOMBRE_EQUIPO, ID_GRUPO) VALUES ('ING','Inglaterra','B');
INSERT INTO EQUIPOS(ID_EQUIPO,NOMBRE_EQUIPO, ID_GRUPO) VALUES ('IRA','Iran','B');
INSERT INTO EQUIPOS(ID_EQUIPO,NOMBRE_EQUIPO, ID_GRUPO) VALUES ('USA','Estados Unidos','B');
INSERT INTO EQUIPOS(ID_EQUIPO,NOMBRE_EQUIPO, ID_GRUPO) VALUES ('GAL','Gales','B');
INSERT INTO EQUIPOS(ID_EQUIPO,NOMBRE_EQUIPO, ID_GRUPO) VALUES ('ARG','Argentina','C');
INSERT INTO EQUIPOS(ID_EQUIPO,NOMBRE_EQUIPO, ID_GRUPO) VALUES ('ARA','Arabia Saudita','C');
INSERT INTO EQUIPOS(ID_EQUIPO,NOMBRE_EQUIPO, ID_GRUPO) VALUES ('MEX','Mexico','C');
INSERT INTO EQUIPOS(ID_EQUIPO,NOMBRE_EQUIPO, ID_GRUPO) VALUES ('POL','Polonia','C');
INSERT INTO EQUIPOS(ID_EQUIPO,NOMBRE_EQUIPO, ID_GRUPO) VALUES ('FRA','Francia','D');
INSERT INTO EQUIPOS(ID_EQUIPO,NOMBRE_EQUIPO, ID_GRUPO) VALUES ('AUS','Australia','D');
INSERT INTO EQUIPOS(ID_EQUIPO,NOMBRE_EQUIPO, ID_GRUPO) VALUES ('DIN','Dinamarca','D');
INSERT INTO EQUIPOS(ID_EQUIPO,NOMBRE_EQUIPO, ID_GRUPO) VALUES ('TUN','Tunez','D');
INSERT INTO EQUIPOS(ID_EQUIPO,NOMBRE_EQUIPO, ID_GRUPO) VALUES ('ESP','España','E');
INSERT INTO EQUIPOS(ID_EQUIPO,NOMBRE_EQUIPO, ID_GRUPO) VALUES ('CRC','Costa Rica','E');
INSERT INTO EQUIPOS(ID_EQUIPO,NOMBRE_EQUIPO, ID_GRUPO) VALUES ('ALE','Alemania','E');
INSERT INTO EQUIPOS(ID_EQUIPO,NOMBRE_EQUIPO, ID_GRUPO) VALUES ('JAP','Japón','E');
INSERT INTO EQUIPOS(ID_EQUIPO,NOMBRE_EQUIPO, ID_GRUPO) VALUES ('BEL','Bélgica','F');
INSERT INTO EQUIPOS(ID_EQUIPO,NOMBRE_EQUIPO, ID_GRUPO) VALUES ('CAN','Canadá','F');
INSERT INTO EQUIPOS(ID_EQUIPO,NOMBRE_EQUIPO, ID_GRUPO) VALUES ('MARR','Marruecos','F');
INSERT INTO EQUIPOS(ID_EQUIPO,NOMBRE_EQUIPO, ID_GRUPO) VALUES ('CRO','Croacia','F');
INSERT INTO EQUIPOS(ID_EQUIPO,NOMBRE_EQUIPO, ID_GRUPO) VALUES ('BRA','Brasil','G');
INSERT INTO EQUIPOS(ID_EQUIPO,NOMBRE_EQUIPO, ID_GRUPO) VALUES ('SER','Serbia','G');
INSERT INTO EQUIPOS(ID_EQUIPO,NOMBRE_EQUIPO, ID_GRUPO) VALUES ('SUI','Suiza','G');
INSERT INTO EQUIPOS(ID_EQUIPO,NOMBRE_EQUIPO, ID_GRUPO) VALUES ('CAM','Camerun','G');
INSERT INTO EQUIPOS(ID_EQUIPO,NOMBRE_EQUIPO, ID_GRUPO) VALUES ('POR','Portugal','H');
INSERT INTO EQUIPOS(ID_EQUIPO,NOMBRE_EQUIPO, ID_GRUPO) VALUES ('GHA','Ghana','H');
INSERT INTO EQUIPOS(ID_EQUIPO,NOMBRE_EQUIPO, ID_GRUPO) VALUES ('URU','Uruguay','H');
INSERT INTO EQUIPOS(ID_EQUIPO,NOMBRE_EQUIPO, ID_GRUPO) VALUES ('KOR','Corea Del Sur','H');

/*CAMPOS*/
INSERT INTO ESTADIOS(ID_ESTADIO,NOMBRE_ESTADIO) VALUES ('EST1','Ahmand Bin Ali');
INSERT INTO ESTADIOS(ID_ESTADIO,NOMBRE_ESTADIO) VALUES ('EST2','Al Thumama');
INSERT INTO ESTADIOS(ID_ESTADIO,NOMBRE_ESTADIO) VALUES ('EST3','Khalifa');
INSERT INTO ESTADIOS(ID_ESTADIO,NOMBRE_ESTADIO) VALUES ('EST4','Al Bayt');
INSERT INTO ESTADIOS(ID_ESTADIO,NOMBRE_ESTADIO) VALUES ('EST5','Lusail');
INSERT INTO ESTADIOS(ID_ESTADIO,NOMBRE_ESTADIO) VALUES ('EST6','Ciudad De La Educacion');
INSERT INTO ESTADIOS(ID_ESTADIO,NOMBRE_ESTADIO) VALUES ('EST7','Estadio 974');
INSERT INTO ESTADIOS(ID_ESTADIO,NOMBRE_ESTADIO) VALUES ('EST8','Al Janoub');

/*JORNADAS*/
INSERT INTO JORNADA(ID_JORNADA,NOMBRE_JORNADA) VALUES ('J1','Jornada 1');
INSERT INTO JORNADA(ID_JORNADA,NOMBRE_JORNADA) VALUES ('J2','Jornada 2');
INSERT INTO JORNADA(ID_JORNADA,NOMBRE_JORNADA) VALUES ('J3','Jornada 3');
INSERT INTO JORNADA(ID_JORNADA,NOMBRE_JORNADA) VALUES ('J4','Jornada 4');
INSERT INTO JORNADA(ID_JORNADA,NOMBRE_JORNADA) VALUES ('J5','Jornada 5');
INSERT INTO JORNADA(ID_JORNADA,NOMBRE_JORNADA) VALUES ('J6','Jornada 6');
INSERT INTO JORNADA(ID_JORNADA,NOMBRE_JORNADA) VALUES ('J7','Jornada 7');

/*PARTIDOS*/
--JORNADA 1: CATAR VS ECUADOR
INSERT INTO PARTIDOS(ID_JORNADA,ID_EQUIPOLOCAL,ID_EQUIPOVISITANTE,ID_ESTADIO,FECHA)
VALUES ('J1','QAT','ECU','EST1',CAST ('2022-11-20 10:00:00' AS DATETIME));

--JORNADA 1: SENEGAL VS PAISES BAJOS
INSERT INTO PARTIDOS(ID_JORNADA,ID_EQUIPOLOCAL,ID_EQUIPOVISITANTE,ID_ESTADIO,FECHA)
VALUES ('J1','SEN','HOL','EST2',CAST ('2022-11-21 04:00:00' AS DATETIME));

--JORNADA 1: INGLATERRA VS IRÁN
INSERT INTO PARTIDOS(ID_JORNADA,ID_EQUIPOLOCAL,ID_EQUIPOVISITANTE,ID_ESTADIO,FECHA)
VALUES ('J1','ING','IRA','EST3',CAST ('2022-11-21 07:00:00' AS DATETIME));

--JORNADA 1: USA VS GALES
INSERT INTO PARTIDOS(ID_JORNADA,ID_EQUIPOLOCAL,ID_EQUIPOVISITANTE,ID_ESTADIO,FECHA)
VALUES ('J1','USA','GAL','EST4',CAST ('2022-11-21 10:00:00' AS DATETIME));

--JORNADA 1: ARGENTINA VS ARABIA SAUDÍ
INSERT INTO PARTIDOS(ID_JORNADA,ID_EQUIPOLOCAL,ID_EQUIPOVISITANTE,ID_ESTADIO,FECHA)
VALUES ('J1','ARG','ARA','EST5',CAST ('2022-11-22 04:00:00' AS DATETIME));

--JORNADA 1: DINAMARCA VS TÚNEZ
INSERT INTO PARTIDOS(ID_JORNADA,ID_EQUIPOLOCAL,ID_EQUIPOVISITANTE,ID_ESTADIO,FECHA)
VALUES ('J1','DIN','TUN','EST6',CAST ('2022-11-22 07:00:00' AS DATETIME));

--JORNADA 1: MÉXICO VS POLONIA
INSERT INTO PARTIDOS(ID_JORNADA,ID_EQUIPOLOCAL,ID_EQUIPOVISITANTE,ID_ESTADIO,FECHA)
VALUES ('J1','MEX','POL','EST7',CAST ('2022-11-22 10:00:00' AS DATETIME));

--JORNADA 1: FRANCIA VS AUSTRALIA
INSERT INTO PARTIDOS(ID_JORNADA,ID_EQUIPOLOCAL,ID_EQUIPOVISITANTE,ID_ESTADIO,FECHA)
VALUES ('J1','FRA','AUS','EST8',CAST ('2022-11-22 13:00:00' AS DATETIME));

--JORNADA 1: MARRUECOS VS CROACIA
INSERT INTO PARTIDOS(ID_JORNADA,ID_EQUIPOLOCAL,ID_EQUIPOVISITANTE,ID_ESTADIO,FECHA)
VALUES ('J1','MARR','CRO','EST4',CAST ('2022-11-23 04:00:00' AS DATETIME));

--JORNADA 1: ALEMANIA VS JÁPÓN
INSERT INTO PARTIDOS(ID_JORNADA,ID_EQUIPOLOCAL,ID_EQUIPOVISITANTE,ID_ESTADIO,FECHA)
VALUES ('J1','ALE','JAP','EST3',CAST ('2022-11-23 07:00:00' AS DATETIME));

--JORNADA 1: ESPAÑA VS COSTA RICA
INSERT INTO PARTIDOS(ID_JORNADA,ID_EQUIPOLOCAL,ID_EQUIPOVISITANTE,ID_ESTADIO,FECHA)
VALUES ('J1','ESP','CRC','EST2',CAST ('2022-11-23 10:00:00' AS DATETIME));

--JORNADA 1: BÉLGICA VS CANADÁ
INSERT INTO PARTIDOS(ID_JORNADA,ID_EQUIPOLOCAL,ID_EQUIPOVISITANTE,ID_ESTADIO,FECHA)
VALUES ('J1','BEL','CAN','EST1',CAST ('2022-11-23 13:00:00' AS DATETIME));

--JORNADA 1: SUIZA VS CAMERÚN
INSERT INTO PARTIDOS(ID_JORNADA,ID_EQUIPOLOCAL,ID_EQUIPOVISITANTE,ID_ESTADIO,FECHA)
VALUES ('J1','SUI','CAM','EST8',CAST ('2022-11-24 04:00:00' AS DATETIME));

--JORNADA 1: URUGUAY VS COREA DEL SUR
INSERT INTO PARTIDOS(ID_JORNADA,ID_EQUIPOLOCAL,ID_EQUIPOVISITANTE,ID_ESTADIO,FECHA)
VALUES ('J1','URU','KOR','EST6',CAST ('2022-11-24 07:00:00' AS DATETIME));

--JORNADA 1: PORTUGAL VS GHANA
INSERT INTO PARTIDOS(ID_JORNADA,ID_EQUIPOLOCAL,ID_EQUIPOVISITANTE,ID_ESTADIO,FECHA)
VALUES ('J1','POR','GHA','EST7',CAST ('2022-11-24 10:00:00' AS DATETIME));

--JORNADA 1: BRASIL VS SERBIA
INSERT INTO PARTIDOS(ID_JORNADA,ID_EQUIPOLOCAL,ID_EQUIPOVISITANTE,ID_ESTADIO,FECHA)
VALUES ('J1','BRA','SER','EST5',CAST ('2022-11-24 13:00:00' AS DATETIME));

--JORNADA 2: GALES VS IRÁN
INSERT INTO PARTIDOS(ID_JORNADA,ID_EQUIPOLOCAL,ID_EQUIPOVISITANTE,ID_ESTADIO,FECHA)
VALUES ('J2','GAL','IRA','EST1',CAST ('2022-11-25 04:00:00' AS DATETIME));

--JORNADA 2: QATAR VS SENEGAL
INSERT INTO PARTIDOS(ID_JORNADA,ID_EQUIPOLOCAL,ID_EQUIPOVISITANTE,ID_ESTADIO,FECHA)
VALUES ('J2','GAL','SEN','EST2',CAST ('2022-11-25 07:00:00' AS DATETIME));

--JORNADA 2: PAÍSES BAJOS VS ECUADOR
INSERT INTO PARTIDOS(ID_JORNADA,ID_EQUIPOLOCAL,ID_EQUIPOVISITANTE,ID_ESTADIO,FECHA)
VALUES ('J2','HOL','ECU','EST3',CAST ('2022-11-25 10:00:00' AS DATETIME));

--JORNADA 2: INGLATERRA VS USA
INSERT INTO PARTIDOS(ID_JORNADA,ID_EQUIPOLOCAL,ID_EQUIPOVISITANTE,ID_ESTADIO,FECHA)
VALUES ('J2','ING','USA','EST4',CAST ('2022-11-25 13:00:00' AS DATETIME));

--JORNADA 2: TÚNEZ VS AUSTRALIA
INSERT INTO PARTIDOS(ID_JORNADA,ID_EQUIPOLOCAL,ID_EQUIPOVISITANTE,ID_ESTADIO,FECHA)
VALUES ('J2','TUN','AUS','EST4',CAST ('2022-11-26 04:00:00' AS DATETIME));

--JORNADA 2: POLONIA VS ARABIA SAUDÍ
INSERT INTO PARTIDOS(ID_JORNADA,ID_EQUIPOLOCAL,ID_EQUIPOVISITANTE,ID_ESTADIO,FECHA)
VALUES ('J2','POL','ARA','EST6',CAST ('2022-11-26 07:00:00' AS DATETIME));

--JORNADA 2: FRANCIA VS DINAMARCA
INSERT INTO PARTIDOS(ID_JORNADA,ID_EQUIPOLOCAL,ID_EQUIPOVISITANTE,ID_ESTADIO,FECHA)
VALUES ('J2','FRA','DIN','EST7',CAST ('2022-11-26 10:00:00' AS DATETIME));

--JORNADA 2: ARGENTINA VS MÉXICO
INSERT INTO PARTIDOS(ID_JORNADA,ID_EQUIPOLOCAL,ID_EQUIPOVISITANTE,ID_ESTADIO,FECHA)
VALUES ('J2','ARG','MEX','EST5',CAST ('2022-11-26 13:00:00' AS DATETIME));

--JORNADA 2: JAPÓN VS COSTA RICA
INSERT INTO PARTIDOS(ID_JORNADA,ID_EQUIPOLOCAL,ID_EQUIPOVISITANTE,ID_ESTADIO,FECHA)
VALUES ('J2','JAP','CRC','EST1',CAST ('2022-11-27 04:00:00' AS DATETIME));

--JORNADA 2: BÉLGICA VS MARRUECOS
INSERT INTO PARTIDOS(ID_JORNADA,ID_EQUIPOLOCAL,ID_EQUIPOVISITANTE,ID_ESTADIO,FECHA)
VALUES ('J2','BEL','MARR','EST2',CAST ('2022-11-27 07:00:00' AS DATETIME));

--JORNADA 2: CROACIA VS CANADÁ
INSERT INTO PARTIDOS(ID_JORNADA,ID_EQUIPOLOCAL,ID_EQUIPOVISITANTE,ID_ESTADIO,FECHA)
VALUES ('J2','CRO','CAN','EST3',CAST ('2022-11-27 10:00:00' AS DATETIME));

--JORNADA 2: ESPAÑA VS ALEMANIA
INSERT INTO PARTIDOS(ID_JORNADA,ID_EQUIPOLOCAL,ID_EQUIPOVISITANTE,ID_ESTADIO,FECHA)
VALUES ('J2','ESP','ALE','EST4',CAST ('2022-11-27 13:00:00' AS DATETIME));

--JORNADA 2: CAMERÚN VS SERBIA
INSERT INTO PARTIDOS(ID_JORNADA,ID_EQUIPOLOCAL,ID_EQUIPOVISITANTE,ID_ESTADIO,FECHA)
VALUES ('J2','CAM','SER','EST8',CAST ('2022-11-28 04:00:00' AS DATETIME));

--JORNADA 2: COREA DEL SUR VS GHANA
INSERT INTO PARTIDOS(ID_JORNADA,ID_EQUIPOLOCAL,ID_EQUIPOVISITANTE,ID_ESTADIO,FECHA)
VALUES ('J2','KOR','GHA','EST6',CAST ('2022-11-28 07:00:00' AS DATETIME));

--JORNADA 2: BRASIL VS SUIZA
INSERT INTO PARTIDOS(ID_JORNADA,ID_EQUIPOLOCAL,ID_EQUIPOVISITANTE,ID_ESTADIO,FECHA)
VALUES ('J2','BRA','SUI','EST7',CAST ('2022-11-28 10:00:00' AS DATETIME));

--JORNADA 2: PORTUGAL VS URUGUAY
INSERT INTO PARTIDOS(ID_JORNADA,ID_EQUIPOLOCAL,ID_EQUIPOVISITANTE,ID_ESTADIO,FECHA)
VALUES ('J2','POR','URU','EST5',CAST ('2022-11-28 13:00:00' AS DATETIME));

--JORNADA 3: PAÍSES BAJOS VS QATAR
INSERT INTO PARTIDOS(ID_JORNADA,ID_EQUIPOLOCAL,ID_EQUIPOVISITANTE,ID_ESTADIO,FECHA)
VALUES ('J3','HOL','QAT','EST4',CAST ('2022-11-29 09:00:00' AS DATETIME));

--JORNADA 3: ECUADOR VS SENEGAL
INSERT INTO PARTIDOS(ID_JORNADA,ID_EQUIPOLOCAL,ID_EQUIPOVISITANTE,ID_ESTADIO,FECHA)
VALUES ('J3','ECU','SEN','EST3',CAST ('2022-11-29 09:00:00' AS DATETIME));

--JORNADA 3: GALES VS INGLATERRA
INSERT INTO PARTIDOS(ID_JORNADA,ID_EQUIPOLOCAL,ID_EQUIPOVISITANTE,ID_ESTADIO,FECHA)
VALUES ('J3','GAL','ING','EST1',CAST ('2022-11-29 13:00:00' AS DATETIME));

--JORNADA 3: IRÁN VS USA
INSERT INTO PARTIDOS(ID_JORNADA,ID_EQUIPOLOCAL,ID_EQUIPOVISITANTE,ID_ESTADIO,FECHA)
VALUES ('J3','IRA','USA','EST3',CAST ('2022-11-29 13:00:00' AS DATETIME));

--JORNADA 3: TÚNEZ VS FRANCIA
INSERT INTO PARTIDOS(ID_JORNADA,ID_EQUIPOLOCAL,ID_EQUIPOVISITANTE,ID_ESTADIO,FECHA)
VALUES ('J3','TUN','FRA','EST6',CAST ('2022-11-30 09:00:00' AS DATETIME));

--JORNADA 3: AUSTRALIA VS DINAMARCA
INSERT INTO PARTIDOS(ID_JORNADA,ID_EQUIPOLOCAL,ID_EQUIPOVISITANTE,ID_ESTADIO,FECHA)
VALUES ('J3','AUS','DIN','EST8',CAST ('2022-11-30 09:00:00' AS DATETIME));

--JORNADA 3: ARABIA SAUDÍ VS MÉXICO
INSERT INTO PARTIDOS(ID_JORNADA,ID_EQUIPOLOCAL,ID_EQUIPOVISITANTE,ID_ESTADIO,FECHA)
VALUES ('J3','ARA','MEX','EST5',CAST ('2022-11-30 13:00:00' AS DATETIME));

--JORNADA 3: POLONIA VS ARGENTINA
INSERT INTO PARTIDOS(ID_JORNADA,ID_EQUIPOLOCAL,ID_EQUIPOVISITANTE,ID_ESTADIO,FECHA)
VALUES ('J3','POL','ARG','EST7',CAST ('2022-11-30 13:00:00' AS DATETIME));

--JORNADA 3: CROACIA VS BÉLGICA
INSERT INTO PARTIDOS(ID_JORNADA,ID_EQUIPOLOCAL,ID_EQUIPOVISITANTE,ID_ESTADIO,FECHA)
VALUES ('J3','CRO','BEL','EST1',CAST ('2022-12-01 09:00:00' AS DATETIME));

--JORNADA 3: CANADÁ VS MARRUECOS
INSERT INTO PARTIDOS(ID_JORNADA,ID_EQUIPOLOCAL,ID_EQUIPOVISITANTE,ID_ESTADIO,FECHA)
VALUES ('J3','CAN','MARR','EST2',CAST ('2022-12-01 09:00:00' AS DATETIME));

--JORNADA 3: JAPÓN VS ESPAÑA
INSERT INTO PARTIDOS(ID_JORNADA,ID_EQUIPOLOCAL,ID_EQUIPOVISITANTE,ID_ESTADIO,FECHA)
VALUES ('J3','JAP','ESP','EST3',CAST ('2022-12-01 13:00:00' AS DATETIME));

--JORNADA 3: COSTA RICA VS ALEMANIA
INSERT INTO PARTIDOS(ID_JORNADA,ID_EQUIPOLOCAL,ID_EQUIPOVISITANTE,ID_ESTADIO,FECHA)
VALUES ('J3','CRC','ALE','EST4',CAST ('2022-12-01 13:00:00' AS DATETIME));

--JORNADA 3: GHANA VS URUGUAY
INSERT INTO PARTIDOS(ID_JORNADA,ID_EQUIPOLOCAL,ID_EQUIPOVISITANTE,ID_ESTADIO,FECHA)
VALUES ('J3','GHA','URU','EST8',CAST ('2022-12-02 09:00:00' AS DATETIME));

--JORNADA 3: COREA DEL SUR VS PORTUGAL
INSERT INTO PARTIDOS(ID_JORNADA,ID_EQUIPOLOCAL,ID_EQUIPOVISITANTE,ID_ESTADIO,FECHA)
VALUES ('J3','KOR','POR','EST6',CAST ('2022-12-02 09:00:00' AS DATETIME));

--JORNADA 3: SERBIA VS SUIZA
INSERT INTO PARTIDOS(ID_JORNADA,ID_EQUIPOLOCAL,ID_EQUIPOVISITANTE,ID_ESTADIO,FECHA)
VALUES ('J3','SER','SUI','EST7',CAST ('2022-12-02 13:00:00' AS DATETIME));

--JORNADA 3: CAMERÚN VS BRASIL
INSERT INTO PARTIDOS(ID_JORNADA,ID_EQUIPOLOCAL,ID_EQUIPOVISITANTE,ID_ESTADIO,FECHA)
VALUES ('J3','CAM','BRA','EST5',CAST ('2022-12-02 13:00:00' AS DATETIME));




/*ROL DE USUARIO*/
INSERT INTO ROL_USUARIO(ID_ROL, NOMBRE_ROL) VALUES (1,'Usuario Administrador');
INSERT INTO ROL_USUARIO(ID_ROL, NOMBRE_ROL) VALUES (2,'Usuario Común');

/*TIPO DE LIGA*/
INSERT INTO TIPO_LIGA(ID_TIPOLIGA,NOMBRE_TIPOLIGA) VALUES (1,'Liga de Apuesta');
INSERT INTO TIPO_LIGA(ID_TIPOLIGA,NOMBRE_TIPOLIGA) VALUES (2,'Liga de Diversión');

/*USUARIOS*/
INSERT INTO USUARIO(ID_USUARIO,NOMBRES,APELLIDOS,TELEFONO, CORREO,CONTRASEÑA)
VALUES (1,'Pedro','Perez',15236654,'pedroperez@gmail.com','1234');

INSERT INTO USUARIO(ID_USUARIO,NOMBRES,APELLIDOS,TELEFONO, CORREO,CONTRASEÑA)
VALUES (2,'Juan','Perez',454122568,'juanperez@gmail.com','1234');

INSERT INTO USUARIO(ID_USUARIO,NOMBRES,APELLIDOS,TELEFONO, CORREO,CONTRASEÑA)
VALUES (3,'Pablo','Hernandez',98656664,'pablohernandez@gmail.com','1234');

INSERT INTO USUARIO(ID_USUARIO,NOMBRES,APELLIDOS,TELEFONO, CORREO,CONTRASEÑA)
VALUES (4,'Cristian','Juarez',47742111,'cristianjuarez@gmail.com','1234');

INSERT INTO USUARIO(ID_USUARIO,NOMBRES,APELLIDOS,TELEFONO, CORREO,CONTRASEÑA)
VALUES (5,'Jose','Ochoa',45784122,'joseochoa@gmail.com','1234');

INSERT INTO USUARIO(ID_USUARIO,NOMBRES,APELLIDOS,TELEFONO, CORREO,CONTRASEÑA)
VALUES (6,'Fabricio','Villa',25538788,'fabricioroman@gmail.com','1234');

INSERT INTO USUARIO(ID_USUARIO,NOMBRES,APELLIDOS,TELEFONO, CORREO,CONTRASEÑA)
VALUES (7,'Ricardo','Milian',45775485,'ricardomilian@gmail.com','1234');

INSERT INTO USUARIO(ID_USUARIO,NOMBRES,APELLIDOS,TELEFONO, CORREO,CONTRASEÑA)
VALUES (8,'Matias','Marroquin',45225677,'matiasmarroquin@gmail.com','1234');

INSERT INTO USUARIO(ID_USUARIO,NOMBRES,APELLIDOS,TELEFONO, CORREO,CONTRASEÑA)
VALUES (9,'Carlos','Prado',78566422,'carlosprado@gmail.com','1234');

INSERT INTO USUARIO(ID_USUARIO,NOMBRES,APELLIDOS,TELEFONO, CORREO,CONTRASEÑA)
VALUES (10,'Lucas','Cruz',20689558,'lucascruz@gmail.com','1234');

/*LIGAS*/
INSERT INTO LIGA(ID_LIGA,PRECIO,NOMBRE_LIGA,ID_TIPOLIGA)
VALUES (1,50,'Coca Cola',1);

INSERT INTO LIGA(ID_LIGA,PRECIO,NOMBRE_LIGA,ID_TIPOLIGA)
VALUES (2,75,'Pepsi',1);


/*USUARIOLIGA*/
--INGRESO DE USUARIOS A LIGA COCA COLA
INSERT INTO USUARIOLIGA(ID_USUARIO,ID_LIGA,ID_ROL)
VALUES(1,1,1);

INSERT INTO USUARIOLIGA(ID_USUARIO,ID_LIGA,ID_ROL)
VALUES(2,1,2);

INSERT INTO USUARIOLIGA(ID_USUARIO,ID_LIGA,ID_ROL)
VALUES(3,1,2);

INSERT INTO USUARIOLIGA(ID_USUARIO,ID_LIGA,ID_ROL)
VALUES(4,1,2);

INSERT INTO USUARIOLIGA(ID_USUARIO,ID_LIGA,ID_ROL)
VALUES(5,1,2);

--INGRESO DE USUARIOS A LA LIGA PEPSI
INSERT INTO USUARIOLIGA(ID_USUARIO,ID_LIGA,ID_ROL)
VALUES(6,2,1);

INSERT INTO USUARIOLIGA(ID_USUARIO,ID_LIGA,ID_ROL)
VALUES(7,2,2);

INSERT INTO USUARIOLIGA(ID_USUARIO,ID_LIGA,ID_ROL)
VALUES(8,2,2);

INSERT INTO USUARIOLIGA(ID_USUARIO,ID_LIGA,ID_ROL)
VALUES(9,2,2);

INSERT INTO USUARIOLIGA(ID_USUARIO,ID_LIGA,ID_ROL)
VALUES(10,2,2);



/*PAGO*/
INSERT INTO PAGO(ID_USUARIO,ID_LIGA,ID_ROL,NUMERO_TARJETA,FECHA_EXPIRACION,MONTO)
VALUES(1,1,1,11111111,'1/02/2024',50);

INSERT INTO PAGO(ID_USUARIO,ID_LIGA,ID_ROL,NUMERO_TARJETA,FECHA_EXPIRACION,MONTO)
VALUES(2,1,2,22222222,'1/06/2025',50);

INSERT INTO PAGO(ID_USUARIO,ID_LIGA,ID_ROL,NUMERO_TARJETA,FECHA_EXPIRACION,MONTO)
VALUES(3,1,2,33333333,'1/07/2026',50);

INSERT INTO PAGO(ID_USUARIO,ID_LIGA,ID_ROL,NUMERO_TARJETA,FECHA_EXPIRACION,MONTO)
VALUES(4,1,2,44444444,'1/02/2025',50);

INSERT INTO PAGO(ID_USUARIO,ID_LIGA,ID_ROL,NUMERO_TARJETA,FECHA_EXPIRACION,MONTO)
VALUES(5,1,2,55555555,'1/08/2025',50);

INSERT INTO PAGO(ID_USUARIO,ID_LIGA,ID_ROL,NUMERO_TARJETA,FECHA_EXPIRACION,MONTO)
VALUES(6,2,1,66666666,'1/07/2023',75);

INSERT INTO PAGO(ID_USUARIO,ID_LIGA,ID_ROL,NUMERO_TARJETA,FECHA_EXPIRACION,MONTO)
VALUES(7,2,2,77777777,'1/06/2030',75);

INSERT INTO PAGO(ID_USUARIO,ID_LIGA,ID_ROL,NUMERO_TARJETA,FECHA_EXPIRACION,MONTO)
VALUES(8,2,2,88888888,'1/02/2033',75);

INSERT INTO PAGO(ID_USUARIO,ID_LIGA,ID_ROL,NUMERO_TARJETA,FECHA_EXPIRACION,MONTO)
VALUES(9,2,2,9999999,'5/07/2030',75);

INSERT INTO PAGO(ID_USUARIO,ID_LIGA,ID_ROL,NUMERO_TARJETA,FECHA_EXPIRACION,MONTO)
VALUES(10,2,2,10101010,'10/12/2029',75);



/*APUESTAS GENERADAS POR CADA USUARIO PARA LA PRIMERA JORNADA*/

--USUARIO 1
INSERT INTO APUESTA(ID_JORNADA,ID_USUARIO,ID_LIGA,ID_EQUIPOLOCAL,ID_EQUIPOVISITANTE,APUESTA_LOCAL,APUESTA_VISITANTE,ID_ROL)
VALUES('J1',1,1,'QAT','ECU',1,3,1);

INSERT INTO APUESTA(ID_JORNADA,ID_USUARIO,ID_LIGA,ID_EQUIPOLOCAL,ID_EQUIPOVISITANTE,APUESTA_LOCAL,APUESTA_VISITANTE,ID_ROL)
VALUES('J1',1,1,'SEN','HOL',1,1,1);

INSERT INTO APUESTA(ID_JORNADA,ID_USUARIO,ID_LIGA,ID_EQUIPOLOCAL,ID_EQUIPOVISITANTE,APUESTA_LOCAL,APUESTA_VISITANTE,ID_ROL)
VALUES('J1',1,1,'ING','IRA',0,1,1);

INSERT INTO APUESTA(ID_JORNADA,ID_USUARIO,ID_LIGA,ID_EQUIPOLOCAL,ID_EQUIPOVISITANTE,APUESTA_LOCAL,APUESTA_VISITANTE,ID_ROL)
VALUES('J1',1,1,'USA','GAL',4,1,1);

INSERT INTO APUESTA(ID_JORNADA,ID_USUARIO,ID_LIGA,ID_EQUIPOLOCAL,ID_EQUIPOVISITANTE,APUESTA_LOCAL,APUESTA_VISITANTE,ID_ROL)
VALUES('J1',1,1,'ARG','ARA',2,2,1);

INSERT INTO APUESTA(ID_JORNADA,ID_USUARIO,ID_LIGA,ID_EQUIPOLOCAL,ID_EQUIPOVISITANTE,APUESTA_LOCAL,APUESTA_VISITANTE,ID_ROL)
VALUES('J1',1,1,'DIN','TUN',2,2,1);

INSERT INTO APUESTA(ID_JORNADA,ID_USUARIO,ID_LIGA,ID_EQUIPOLOCAL,ID_EQUIPOVISITANTE,APUESTA_LOCAL,APUESTA_VISITANTE,ID_ROL)
VALUES('J1',1,1,'MEX','POL',5,5,1);

INSERT INTO APUESTA(ID_JORNADA,ID_USUARIO,ID_LIGA,ID_EQUIPOLOCAL,ID_EQUIPOVISITANTE,APUESTA_LOCAL,APUESTA_VISITANTE,ID_ROL)
VALUES('J1',1,1,'FRA','AUS',5,4,1);

INSERT INTO APUESTA(ID_JORNADA,ID_USUARIO,ID_LIGA,ID_EQUIPOLOCAL,ID_EQUIPOVISITANTE,APUESTA_LOCAL,APUESTA_VISITANTE,ID_ROL)
VALUES('J1',1,1,'MARR','CRO',1,5,1);

INSERT INTO APUESTA(ID_JORNADA,ID_USUARIO,ID_LIGA,ID_EQUIPOLOCAL,ID_EQUIPOVISITANTE,APUESTA_LOCAL,APUESTA_VISITANTE,ID_ROL)
VALUES('J1',1,1,'ALE','JAP',1,3,1);

INSERT INTO APUESTA(ID_JORNADA,ID_USUARIO,ID_LIGA,ID_EQUIPOLOCAL,ID_EQUIPOVISITANTE,APUESTA_LOCAL,APUESTA_VISITANTE,ID_ROL)
VALUES('J1',1,1,'ESP','CRC',1,2,1);

INSERT INTO APUESTA(ID_JORNADA,ID_USUARIO,ID_LIGA,ID_EQUIPOLOCAL,ID_EQUIPOVISITANTE,APUESTA_LOCAL,APUESTA_VISITANTE,ID_ROL)
VALUES('J1',1,1,'BEL','CAN',3,2,1);

INSERT INTO APUESTA(ID_JORNADA,ID_USUARIO,ID_LIGA,ID_EQUIPOLOCAL,ID_EQUIPOVISITANTE,APUESTA_LOCAL,APUESTA_VISITANTE,ID_ROL)
VALUES('J1',1,1,'SUI','CAM',1,2,1);

INSERT INTO APUESTA(ID_JORNADA,ID_USUARIO,ID_LIGA,ID_EQUIPOLOCAL,ID_EQUIPOVISITANTE,APUESTA_LOCAL,APUESTA_VISITANTE,ID_ROL)
VALUES('J1',1,1,'URU','KOR',1,2,1);

INSERT INTO APUESTA(ID_JORNADA,ID_USUARIO,ID_LIGA,ID_EQUIPOLOCAL,ID_EQUIPOVISITANTE,APUESTA_LOCAL,APUESTA_VISITANTE,ID_ROL)
VALUES('J1',1,1,'POR','GHA',2,2,1);

INSERT INTO APUESTA(ID_JORNADA,ID_USUARIO,ID_LIGA,ID_EQUIPOLOCAL,ID_EQUIPOVISITANTE,APUESTA_LOCAL,APUESTA_VISITANTE,ID_ROL)
VALUES('J1',1,1,'BRA','SER',5,2,1);


--USUARIO 2
INSERT INTO APUESTA(ID_JORNADA,ID_USUARIO,ID_LIGA,ID_EQUIPOLOCAL,ID_EQUIPOVISITANTE,APUESTA_LOCAL,APUESTA_VISITANTE,ID_ROL)
VALUES('J1',2,1,'QAT','ECU',5,8,2);

INSERT INTO APUESTA(ID_JORNADA,ID_USUARIO,ID_LIGA,ID_EQUIPOLOCAL,ID_EQUIPOVISITANTE,APUESTA_LOCAL,APUESTA_VISITANTE,ID_ROL)
VALUES('J1',2,1,'SEN','HOL',6,4,2);

INSERT INTO APUESTA(ID_JORNADA,ID_USUARIO,ID_LIGA,ID_EQUIPOLOCAL,ID_EQUIPOVISITANTE,APUESTA_LOCAL,APUESTA_VISITANTE,ID_ROL)
VALUES('J1',2,1,'ING','IRA',4,4,2);

INSERT INTO APUESTA(ID_JORNADA,ID_USUARIO,ID_LIGA,ID_EQUIPOLOCAL,ID_EQUIPOVISITANTE,APUESTA_LOCAL,APUESTA_VISITANTE,ID_ROL)
VALUES('J1',2,1,'USA','GAL',0,1,2);

INSERT INTO APUESTA(ID_JORNADA,ID_USUARIO,ID_LIGA,ID_EQUIPOLOCAL,ID_EQUIPOVISITANTE,APUESTA_LOCAL,APUESTA_VISITANTE,ID_ROL)
VALUES('J1',2,1,'ARG','ARA',3,2,2);

INSERT INTO APUESTA(ID_JORNADA,ID_USUARIO,ID_LIGA,ID_EQUIPOLOCAL,ID_EQUIPOVISITANTE,APUESTA_LOCAL,APUESTA_VISITANTE,ID_ROL)
VALUES('J1',2,1,'DIN','TUN',2,3,2);

INSERT INTO APUESTA(ID_JORNADA,ID_USUARIO,ID_LIGA,ID_EQUIPOLOCAL,ID_EQUIPOVISITANTE,APUESTA_LOCAL,APUESTA_VISITANTE,ID_ROL)
VALUES('J1',2,1,'MEX','POL',1,2,2);

INSERT INTO APUESTA(ID_JORNADA,ID_USUARIO,ID_LIGA,ID_EQUIPOLOCAL,ID_EQUIPOVISITANTE,APUESTA_LOCAL,APUESTA_VISITANTE,ID_ROL)
VALUES('J1',2,1,'FRA','AUS',3,4,2);

INSERT INTO APUESTA(ID_JORNADA,ID_USUARIO,ID_LIGA,ID_EQUIPOLOCAL,ID_EQUIPOVISITANTE,APUESTA_LOCAL,APUESTA_VISITANTE,ID_ROL)
VALUES('J1',2,1,'MARR','CRO',2,0,2);

INSERT INTO APUESTA(ID_JORNADA,ID_USUARIO,ID_LIGA,ID_EQUIPOLOCAL,ID_EQUIPOVISITANTE,APUESTA_LOCAL,APUESTA_VISITANTE,ID_ROL)
VALUES('J1',2,1,'ALE','JAP',0,3,2);

INSERT INTO APUESTA(ID_JORNADA,ID_USUARIO,ID_LIGA,ID_EQUIPOLOCAL,ID_EQUIPOVISITANTE,APUESTA_LOCAL,APUESTA_VISITANTE,ID_ROL)
VALUES('J1',2,1,'ESP','CRC',1,0,2);

INSERT INTO APUESTA(ID_JORNADA,ID_USUARIO,ID_LIGA,ID_EQUIPOLOCAL,ID_EQUIPOVISITANTE,APUESTA_LOCAL,APUESTA_VISITANTE,ID_ROL)
VALUES('J1',2,1,'BEL','CAN',2,2,2);

INSERT INTO APUESTA(ID_JORNADA,ID_USUARIO,ID_LIGA,ID_EQUIPOLOCAL,ID_EQUIPOVISITANTE,APUESTA_LOCAL,APUESTA_VISITANTE,ID_ROL)
VALUES('J1',2,1,'SUI','CAM',3,2,2);

INSERT INTO APUESTA(ID_JORNADA,ID_USUARIO,ID_LIGA,ID_EQUIPOLOCAL,ID_EQUIPOVISITANTE,APUESTA_LOCAL,APUESTA_VISITANTE,ID_ROL)
VALUES('J1',2,1,'URU','KOR',0,3,2);

INSERT INTO APUESTA(ID_JORNADA,ID_USUARIO,ID_LIGA,ID_EQUIPOLOCAL,ID_EQUIPOVISITANTE,APUESTA_LOCAL,APUESTA_VISITANTE,ID_ROL)
VALUES('J1',2,1,'POR','GHA',0,0,2);

INSERT INTO APUESTA(ID_JORNADA,ID_USUARIO,ID_LIGA,ID_EQUIPOLOCAL,ID_EQUIPOVISITANTE,APUESTA_LOCAL,APUESTA_VISITANTE,ID_ROL)
VALUES('J1',2,1,'BRA','SER',1,1,2);

--USUARIO 3
INSERT INTO APUESTA(ID_JORNADA,ID_USUARIO,ID_LIGA,ID_EQUIPOLOCAL,ID_EQUIPOVISITANTE,APUESTA_LOCAL,APUESTA_VISITANTE,ID_ROL)
VALUES('J1',3,1,'QAT','ECU',1,0,2);

INSERT INTO APUESTA(ID_JORNADA,ID_USUARIO,ID_LIGA,ID_EQUIPOLOCAL,ID_EQUIPOVISITANTE,APUESTA_LOCAL,APUESTA_VISITANTE,ID_ROL)
VALUES('J1',3,1,'SEN','HOL',1,0,2);

INSERT INTO APUESTA(ID_JORNADA,ID_USUARIO,ID_LIGA,ID_EQUIPOLOCAL,ID_EQUIPOVISITANTE,APUESTA_LOCAL,APUESTA_VISITANTE,ID_ROL)
VALUES('J1',3,1,'ING','IRA',2,4,2);

INSERT INTO APUESTA(ID_JORNADA,ID_USUARIO,ID_LIGA,ID_EQUIPOLOCAL,ID_EQUIPOVISITANTE,APUESTA_LOCAL,APUESTA_VISITANTE,ID_ROL)
VALUES('J1',3,1,'USA','GAL',0,1,2);

INSERT INTO APUESTA(ID_JORNADA,ID_USUARIO,ID_LIGA,ID_EQUIPOLOCAL,ID_EQUIPOVISITANTE,APUESTA_LOCAL,APUESTA_VISITANTE,ID_ROL)
VALUES('J1',3,1,'ARG','ARA',2,2,2);

INSERT INTO APUESTA(ID_JORNADA,ID_USUARIO,ID_LIGA,ID_EQUIPOLOCAL,ID_EQUIPOVISITANTE,APUESTA_LOCAL,APUESTA_VISITANTE,ID_ROL)
VALUES('J1',3,1,'DIN','TUN',3,3,2);

INSERT INTO APUESTA(ID_JORNADA,ID_USUARIO,ID_LIGA,ID_EQUIPOLOCAL,ID_EQUIPOVISITANTE,APUESTA_LOCAL,APUESTA_VISITANTE,ID_ROL)
VALUES('J1',3,1,'MEX','POL',1,0,2);

INSERT INTO APUESTA(ID_JORNADA,ID_USUARIO,ID_LIGA,ID_EQUIPOLOCAL,ID_EQUIPOVISITANTE,APUESTA_LOCAL,APUESTA_VISITANTE,ID_ROL)
VALUES('J1',3,1,'FRA','AUS',0,4,2);

INSERT INTO APUESTA(ID_JORNADA,ID_USUARIO,ID_LIGA,ID_EQUIPOLOCAL,ID_EQUIPOVISITANTE,APUESTA_LOCAL,APUESTA_VISITANTE,ID_ROL)
VALUES('J1',3,1,'MARR','CRO',0,0,2);

INSERT INTO APUESTA(ID_JORNADA,ID_USUARIO,ID_LIGA,ID_EQUIPOLOCAL,ID_EQUIPOVISITANTE,APUESTA_LOCAL,APUESTA_VISITANTE,ID_ROL)
VALUES('J1',3,1,'ALE','JAP',4,4,2);

INSERT INTO APUESTA(ID_JORNADA,ID_USUARIO,ID_LIGA,ID_EQUIPOLOCAL,ID_EQUIPOVISITANTE,APUESTA_LOCAL,APUESTA_VISITANTE,ID_ROL)
VALUES('J1',3,1,'ESP','CRC',1,0,2);

INSERT INTO APUESTA(ID_JORNADA,ID_USUARIO,ID_LIGA,ID_EQUIPOLOCAL,ID_EQUIPOVISITANTE,APUESTA_LOCAL,APUESTA_VISITANTE,ID_ROL)
VALUES('J1',3,1,'BEL','CAN',2,1,2);

INSERT INTO APUESTA(ID_JORNADA,ID_USUARIO,ID_LIGA,ID_EQUIPOLOCAL,ID_EQUIPOVISITANTE,APUESTA_LOCAL,APUESTA_VISITANTE,ID_ROL)
VALUES('J1',3,1,'SUI','CAM',1,2,2);

INSERT INTO APUESTA(ID_JORNADA,ID_USUARIO,ID_LIGA,ID_EQUIPOLOCAL,ID_EQUIPOVISITANTE,APUESTA_LOCAL,APUESTA_VISITANTE,ID_ROL)
VALUES('J1',3,1,'URU','KOR',2,3,2);

INSERT INTO APUESTA(ID_JORNADA,ID_USUARIO,ID_LIGA,ID_EQUIPOLOCAL,ID_EQUIPOVISITANTE,APUESTA_LOCAL,APUESTA_VISITANTE,ID_ROL)
VALUES('J1',3,1,'POR','GHA',5,5,2);

INSERT INTO APUESTA(ID_JORNADA,ID_USUARIO,ID_LIGA,ID_EQUIPOLOCAL,ID_EQUIPOVISITANTE,APUESTA_LOCAL,APUESTA_VISITANTE,ID_ROL)
VALUES('J1',3,1,'BRA','SER',0,1,2);


--USUARIO 4
INSERT INTO APUESTA(ID_JORNADA,ID_USUARIO,ID_LIGA,ID_EQUIPOLOCAL,ID_EQUIPOVISITANTE,APUESTA_LOCAL,APUESTA_VISITANTE,ID_ROL)
VALUES('J1',4,1,'QAT','ECU',4,2,2);

INSERT INTO APUESTA(ID_JORNADA,ID_USUARIO,ID_LIGA,ID_EQUIPOLOCAL,ID_EQUIPOVISITANTE,APUESTA_LOCAL,APUESTA_VISITANTE,ID_ROL)
VALUES('J1',4,1,'SEN','HOL',5,1,2);

INSERT INTO APUESTA(ID_JORNADA,ID_USUARIO,ID_LIGA,ID_EQUIPOLOCAL,ID_EQUIPOVISITANTE,APUESTA_LOCAL,APUESTA_VISITANTE,ID_ROL)
VALUES('J1',4,1,'ING','IRA',2,2,2);

INSERT INTO APUESTA(ID_JORNADA,ID_USUARIO,ID_LIGA,ID_EQUIPOLOCAL,ID_EQUIPOVISITANTE,APUESTA_LOCAL,APUESTA_VISITANTE,ID_ROL)
VALUES('J1',4,1,'USA','GAL',0,0,2);

INSERT INTO APUESTA(ID_JORNADA,ID_USUARIO,ID_LIGA,ID_EQUIPOLOCAL,ID_EQUIPOVISITANTE,APUESTA_LOCAL,APUESTA_VISITANTE,ID_ROL)
VALUES('J1',4,1,'ARG','ARA',3,2,2);

INSERT INTO APUESTA(ID_JORNADA,ID_USUARIO,ID_LIGA,ID_EQUIPOLOCAL,ID_EQUIPOVISITANTE,APUESTA_LOCAL,APUESTA_VISITANTE,ID_ROL)
VALUES('J1',4,1,'DIN','TUN',3,1,2);

INSERT INTO APUESTA(ID_JORNADA,ID_USUARIO,ID_LIGA,ID_EQUIPOLOCAL,ID_EQUIPOVISITANTE,APUESTA_LOCAL,APUESTA_VISITANTE,ID_ROL)
VALUES('J1',4,1,'MEX','POL',1,0,2);

INSERT INTO APUESTA(ID_JORNADA,ID_USUARIO,ID_LIGA,ID_EQUIPOLOCAL,ID_EQUIPOVISITANTE,APUESTA_LOCAL,APUESTA_VISITANTE,ID_ROL)
VALUES('J1',4,1,'FRA','AUS',0,0,2);

INSERT INTO APUESTA(ID_JORNADA,ID_USUARIO,ID_LIGA,ID_EQUIPOLOCAL,ID_EQUIPOVISITANTE,APUESTA_LOCAL,APUESTA_VISITANTE,ID_ROL)
VALUES('J1',4,1,'MARR','CRO',3,0,2);

INSERT INTO APUESTA(ID_JORNADA,ID_USUARIO,ID_LIGA,ID_EQUIPOLOCAL,ID_EQUIPOVISITANTE,APUESTA_LOCAL,APUESTA_VISITANTE,ID_ROL)
VALUES('J1',4,1,'ALE','JAP',2,4,2);

INSERT INTO APUESTA(ID_JORNADA,ID_USUARIO,ID_LIGA,ID_EQUIPOLOCAL,ID_EQUIPOVISITANTE,APUESTA_LOCAL,APUESTA_VISITANTE,ID_ROL)
VALUES('J1',4,1,'ESP','CRC',1,1,2);

INSERT INTO APUESTA(ID_JORNADA,ID_USUARIO,ID_LIGA,ID_EQUIPOLOCAL,ID_EQUIPOVISITANTE,APUESTA_LOCAL,APUESTA_VISITANTE,ID_ROL)
VALUES('J1',4,1,'BEL','CAN',0,1,2);

INSERT INTO APUESTA(ID_JORNADA,ID_USUARIO,ID_LIGA,ID_EQUIPOLOCAL,ID_EQUIPOVISITANTE,APUESTA_LOCAL,APUESTA_VISITANTE,ID_ROL)
VALUES('J1',4,1,'SUI','CAM',3,2,2);

INSERT INTO APUESTA(ID_JORNADA,ID_USUARIO,ID_LIGA,ID_EQUIPOLOCAL,ID_EQUIPOVISITANTE,APUESTA_LOCAL,APUESTA_VISITANTE,ID_ROL)
VALUES('J1',4,1,'URU','KOR',2,5,2);

INSERT INTO APUESTA(ID_JORNADA,ID_USUARIO,ID_LIGA,ID_EQUIPOLOCAL,ID_EQUIPOVISITANTE,APUESTA_LOCAL,APUESTA_VISITANTE,ID_ROL)
VALUES('J1',4,1,'POR','GHA',4,0,2);

INSERT INTO APUESTA(ID_JORNADA,ID_USUARIO,ID_LIGA,ID_EQUIPOLOCAL,ID_EQUIPOVISITANTE,APUESTA_LOCAL,APUESTA_VISITANTE,ID_ROL)
VALUES('J1',4,1,'BRA','SER',0,3,2);



--USUARIO 5
INSERT INTO APUESTA(ID_JORNADA,ID_USUARIO,ID_LIGA,ID_EQUIPOLOCAL,ID_EQUIPOVISITANTE,APUESTA_LOCAL,APUESTA_VISITANTE,ID_ROL)
VALUES('J1',5,1,'QAT','ECU',2,2,2);

INSERT INTO APUESTA(ID_JORNADA,ID_USUARIO,ID_LIGA,ID_EQUIPOLOCAL,ID_EQUIPOVISITANTE,APUESTA_LOCAL,APUESTA_VISITANTE,ID_ROL)
VALUES('J1',5,1,'SEN','HOL',0,1,2);

INSERT INTO APUESTA(ID_JORNADA,ID_USUARIO,ID_LIGA,ID_EQUIPOLOCAL,ID_EQUIPOVISITANTE,APUESTA_LOCAL,APUESTA_VISITANTE,ID_ROL)
VALUES('J1',5,1,'ING','IRA',4,2,2);

INSERT INTO APUESTA(ID_JORNADA,ID_USUARIO,ID_LIGA,ID_EQUIPOLOCAL,ID_EQUIPOVISITANTE,APUESTA_LOCAL,APUESTA_VISITANTE,ID_ROL)
VALUES('J1',5,1,'USA','GAL',0,1,2);

INSERT INTO APUESTA(ID_JORNADA,ID_USUARIO,ID_LIGA,ID_EQUIPOLOCAL,ID_EQUIPOVISITANTE,APUESTA_LOCAL,APUESTA_VISITANTE,ID_ROL)
VALUES('J1',5,1,'ARG','ARA',1,2,2);

INSERT INTO APUESTA(ID_JORNADA,ID_USUARIO,ID_LIGA,ID_EQUIPOLOCAL,ID_EQUIPOVISITANTE,APUESTA_LOCAL,APUESTA_VISITANTE,ID_ROL)
VALUES('J1',5,1,'DIN','TUN',3,0,2);

INSERT INTO APUESTA(ID_JORNADA,ID_USUARIO,ID_LIGA,ID_EQUIPOLOCAL,ID_EQUIPOVISITANTE,APUESTA_LOCAL,APUESTA_VISITANTE,ID_ROL)
VALUES('J1',5,1,'MEX','POL',1,4,2);

INSERT INTO APUESTA(ID_JORNADA,ID_USUARIO,ID_LIGA,ID_EQUIPOLOCAL,ID_EQUIPOVISITANTE,APUESTA_LOCAL,APUESTA_VISITANTE,ID_ROL)
VALUES('J1',5,1,'FRA','AUS',0,3,2);

INSERT INTO APUESTA(ID_JORNADA,ID_USUARIO,ID_LIGA,ID_EQUIPOLOCAL,ID_EQUIPOVISITANTE,APUESTA_LOCAL,APUESTA_VISITANTE,ID_ROL)
VALUES('J1',5,1,'MARR','CRO',1,1,2);

INSERT INTO APUESTA(ID_JORNADA,ID_USUARIO,ID_LIGA,ID_EQUIPOLOCAL,ID_EQUIPOVISITANTE,APUESTA_LOCAL,APUESTA_VISITANTE,ID_ROL)
VALUES('J1',5,1,'ALE','JAP',2,5,2);

INSERT INTO APUESTA(ID_JORNADA,ID_USUARIO,ID_LIGA,ID_EQUIPOLOCAL,ID_EQUIPOVISITANTE,APUESTA_LOCAL,APUESTA_VISITANTE,ID_ROL)
VALUES('J1',5,1,'ESP','CRC',1,1,2);

INSERT INTO APUESTA(ID_JORNADA,ID_USUARIO,ID_LIGA,ID_EQUIPOLOCAL,ID_EQUIPOVISITANTE,APUESTA_LOCAL,APUESTA_VISITANTE,ID_ROL)
VALUES('J1',5,1,'BEL','CAN',0,0,2);

INSERT INTO APUESTA(ID_JORNADA,ID_USUARIO,ID_LIGA,ID_EQUIPOLOCAL,ID_EQUIPOVISITANTE,APUESTA_LOCAL,APUESTA_VISITANTE,ID_ROL)
VALUES('J1',5,1,'SUI','CAM',1,2,2);

INSERT INTO APUESTA(ID_JORNADA,ID_USUARIO,ID_LIGA,ID_EQUIPOLOCAL,ID_EQUIPOVISITANTE,APUESTA_LOCAL,APUESTA_VISITANTE,ID_ROL)
VALUES('J1',5,1,'URU','KOR',2,0,2);

INSERT INTO APUESTA(ID_JORNADA,ID_USUARIO,ID_LIGA,ID_EQUIPOLOCAL,ID_EQUIPOVISITANTE,APUESTA_LOCAL,APUESTA_VISITANTE,ID_ROL)
VALUES('J1',5,1,'POR','GHA',1,1,2);

INSERT INTO APUESTA(ID_JORNADA,ID_USUARIO,ID_LIGA,ID_EQUIPOLOCAL,ID_EQUIPOVISITANTE,APUESTA_LOCAL,APUESTA_VISITANTE,ID_ROL)
VALUES('J1',5,1,'BRA','SER',0,0,2);


--USUARIO 6
INSERT INTO APUESTA(ID_JORNADA,ID_USUARIO,ID_LIGA,ID_EQUIPOLOCAL,ID_EQUIPOVISITANTE,APUESTA_LOCAL,APUESTA_VISITANTE,ID_ROL)
VALUES('J1',6,2,'QAT','ECU',2,1,1);

INSERT INTO APUESTA(ID_JORNADA,ID_USUARIO,ID_LIGA,ID_EQUIPOLOCAL,ID_EQUIPOVISITANTE,APUESTA_LOCAL,APUESTA_VISITANTE,ID_ROL)
VALUES('J1',6,2,'SEN','HOL',0,1,1);

INSERT INTO APUESTA(ID_JORNADA,ID_USUARIO,ID_LIGA,ID_EQUIPOLOCAL,ID_EQUIPOVISITANTE,APUESTA_LOCAL,APUESTA_VISITANTE,ID_ROL)
VALUES('J1',6,2,'ING','IRA',1,2,1);

INSERT INTO APUESTA(ID_JORNADA,ID_USUARIO,ID_LIGA,ID_EQUIPOLOCAL,ID_EQUIPOVISITANTE,APUESTA_LOCAL,APUESTA_VISITANTE,ID_ROL)
VALUES('J1',6,2,'USA','GAL',0,0,1);

INSERT INTO APUESTA(ID_JORNADA,ID_USUARIO,ID_LIGA,ID_EQUIPOLOCAL,ID_EQUIPOVISITANTE,APUESTA_LOCAL,APUESTA_VISITANTE,ID_ROL)
VALUES('J1',6,2,'ARG','ARA',1,3,1);

INSERT INTO APUESTA(ID_JORNADA,ID_USUARIO,ID_LIGA,ID_EQUIPOLOCAL,ID_EQUIPOVISITANTE,APUESTA_LOCAL,APUESTA_VISITANTE,ID_ROL)
VALUES('J1',6,2,'DIN','TUN',3,2,1);

INSERT INTO APUESTA(ID_JORNADA,ID_USUARIO,ID_LIGA,ID_EQUIPOLOCAL,ID_EQUIPOVISITANTE,APUESTA_LOCAL,APUESTA_VISITANTE,ID_ROL)
VALUES('J1',6,2,'MEX','POL',1,1,1);

INSERT INTO APUESTA(ID_JORNADA,ID_USUARIO,ID_LIGA,ID_EQUIPOLOCAL,ID_EQUIPOVISITANTE,APUESTA_LOCAL,APUESTA_VISITANTE,ID_ROL)
VALUES('J1',6,2,'FRA','AUS',0,1,1);

INSERT INTO APUESTA(ID_JORNADA,ID_USUARIO,ID_LIGA,ID_EQUIPOLOCAL,ID_EQUIPOVISITANTE,APUESTA_LOCAL,APUESTA_VISITANTE,ID_ROL)
VALUES('J1',6,2,'MARR','CRO',1,0,1);

INSERT INTO APUESTA(ID_JORNADA,ID_USUARIO,ID_LIGA,ID_EQUIPOLOCAL,ID_EQUIPOVISITANTE,APUESTA_LOCAL,APUESTA_VISITANTE,ID_ROL)
VALUES('J1',6,2,'ALE','JAP',2,3,1);

INSERT INTO APUESTA(ID_JORNADA,ID_USUARIO,ID_LIGA,ID_EQUIPOLOCAL,ID_EQUIPOVISITANTE,APUESTA_LOCAL,APUESTA_VISITANTE,ID_ROL)
VALUES('J1',6,2,'ESP','CRC',1,0,1);

INSERT INTO APUESTA(ID_JORNADA,ID_USUARIO,ID_LIGA,ID_EQUIPOLOCAL,ID_EQUIPOVISITANTE,APUESTA_LOCAL,APUESTA_VISITANTE,ID_ROL)
VALUES('J1',6,2,'BEL','CAN',0,4,1);

INSERT INTO APUESTA(ID_JORNADA,ID_USUARIO,ID_LIGA,ID_EQUIPOLOCAL,ID_EQUIPOVISITANTE,APUESTA_LOCAL,APUESTA_VISITANTE,ID_ROL)
VALUES('J1',6,2,'SUI','CAM',1,4,1);

INSERT INTO APUESTA(ID_JORNADA,ID_USUARIO,ID_LIGA,ID_EQUIPOLOCAL,ID_EQUIPOVISITANTE,APUESTA_LOCAL,APUESTA_VISITANTE,ID_ROL)
VALUES('J1',6,2,'URU','KOR',2,0,1);

INSERT INTO APUESTA(ID_JORNADA,ID_USUARIO,ID_LIGA,ID_EQUIPOLOCAL,ID_EQUIPOVISITANTE,APUESTA_LOCAL,APUESTA_VISITANTE,ID_ROL)
VALUES('J1',6,2,'POR','GHA',1,4,1);

INSERT INTO APUESTA(ID_JORNADA,ID_USUARIO,ID_LIGA,ID_EQUIPOLOCAL,ID_EQUIPOVISITANTE,APUESTA_LOCAL,APUESTA_VISITANTE,ID_ROL)
VALUES('J1',6,2,'BRA','SER',2,0,1);



--USUARIO 7
INSERT INTO APUESTA(ID_JORNADA,ID_USUARIO,ID_LIGA,ID_EQUIPOLOCAL,ID_EQUIPOVISITANTE,APUESTA_LOCAL,APUESTA_VISITANTE,ID_ROL)
VALUES('J1',7,2,'QAT','ECU',0,1,2);

INSERT INTO APUESTA(ID_JORNADA,ID_USUARIO,ID_LIGA,ID_EQUIPOLOCAL,ID_EQUIPOVISITANTE,APUESTA_LOCAL,APUESTA_VISITANTE,ID_ROL)
VALUES('J1',7,2,'SEN','HOL',0,0,2);

INSERT INTO APUESTA(ID_JORNADA,ID_USUARIO,ID_LIGA,ID_EQUIPOLOCAL,ID_EQUIPOVISITANTE,APUESTA_LOCAL,APUESTA_VISITANTE,ID_ROL)
VALUES('J1',7,2,'ING','IRA',1,1,2);

INSERT INTO APUESTA(ID_JORNADA,ID_USUARIO,ID_LIGA,ID_EQUIPOLOCAL,ID_EQUIPOVISITANTE,APUESTA_LOCAL,APUESTA_VISITANTE,ID_ROL)
VALUES('J1',7,2,'USA','GAL',1,0,2);

INSERT INTO APUESTA(ID_JORNADA,ID_USUARIO,ID_LIGA,ID_EQUIPOLOCAL,ID_EQUIPOVISITANTE,APUESTA_LOCAL,APUESTA_VISITANTE,ID_ROL)
VALUES('J1',7,2,'ARG','ARA',4,3,2);

INSERT INTO APUESTA(ID_JORNADA,ID_USUARIO,ID_LIGA,ID_EQUIPOLOCAL,ID_EQUIPOVISITANTE,APUESTA_LOCAL,APUESTA_VISITANTE,ID_ROL)
VALUES('J1',7,2,'DIN','TUN',3,0,2);

INSERT INTO APUESTA(ID_JORNADA,ID_USUARIO,ID_LIGA,ID_EQUIPOLOCAL,ID_EQUIPOVISITANTE,APUESTA_LOCAL,APUESTA_VISITANTE,ID_ROL)
VALUES('J1',7,2,'MEX','POL',0,1,2);

INSERT INTO APUESTA(ID_JORNADA,ID_USUARIO,ID_LIGA,ID_EQUIPOLOCAL,ID_EQUIPOVISITANTE,APUESTA_LOCAL,APUESTA_VISITANTE,ID_ROL)
VALUES('J1',7,2,'FRA','AUS',0,2,2);

INSERT INTO APUESTA(ID_JORNADA,ID_USUARIO,ID_LIGA,ID_EQUIPOLOCAL,ID_EQUIPOVISITANTE,APUESTA_LOCAL,APUESTA_VISITANTE,ID_ROL)
VALUES('J1',7,2,'MARR','CRO',1,1,2);

INSERT INTO APUESTA(ID_JORNADA,ID_USUARIO,ID_LIGA,ID_EQUIPOLOCAL,ID_EQUIPOVISITANTE,APUESTA_LOCAL,APUESTA_VISITANTE,ID_ROL)
VALUES('J1',7,2,'ALE','JAP',4,3,2);

INSERT INTO APUESTA(ID_JORNADA,ID_USUARIO,ID_LIGA,ID_EQUIPOLOCAL,ID_EQUIPOVISITANTE,APUESTA_LOCAL,APUESTA_VISITANTE,ID_ROL)
VALUES('J1',7,2,'ESP','CRC',1,1,2);

INSERT INTO APUESTA(ID_JORNADA,ID_USUARIO,ID_LIGA,ID_EQUIPOLOCAL,ID_EQUIPOVISITANTE,APUESTA_LOCAL,APUESTA_VISITANTE,ID_ROL)
VALUES('J1',7,2,'BEL','CAN',4,4,2);

INSERT INTO APUESTA(ID_JORNADA,ID_USUARIO,ID_LIGA,ID_EQUIPOLOCAL,ID_EQUIPOVISITANTE,APUESTA_LOCAL,APUESTA_VISITANTE,ID_ROL)
VALUES('J1',7,2,'SUI','CAM',1,2,2);

INSERT INTO APUESTA(ID_JORNADA,ID_USUARIO,ID_LIGA,ID_EQUIPOLOCAL,ID_EQUIPOVISITANTE,APUESTA_LOCAL,APUESTA_VISITANTE,ID_ROL)
VALUES('J1',7,2,'URU','KOR',2,2,2);

INSERT INTO APUESTA(ID_JORNADA,ID_USUARIO,ID_LIGA,ID_EQUIPOLOCAL,ID_EQUIPOVISITANTE,APUESTA_LOCAL,APUESTA_VISITANTE,ID_ROL)
VALUES('J1',7,2,'POR','GHA',3,4,2);

INSERT INTO APUESTA(ID_JORNADA,ID_USUARIO,ID_LIGA,ID_EQUIPOLOCAL,ID_EQUIPOVISITANTE,APUESTA_LOCAL,APUESTA_VISITANTE,ID_ROL)
VALUES('J1',7,2,'BRA','SER',2,1,2);


--USUARIO 8
INSERT INTO APUESTA(ID_JORNADA,ID_USUARIO,ID_LIGA,ID_EQUIPOLOCAL,ID_EQUIPOVISITANTE,APUESTA_LOCAL,APUESTA_VISITANTE,ID_ROL)
VALUES('J1',8,2,'QAT','ECU',0,2,2);

INSERT INTO APUESTA(ID_JORNADA,ID_USUARIO,ID_LIGA,ID_EQUIPOLOCAL,ID_EQUIPOVISITANTE,APUESTA_LOCAL,APUESTA_VISITANTE,ID_ROL)
VALUES('J1',8,2,'SEN','HOL',0,1,2);

INSERT INTO APUESTA(ID_JORNADA,ID_USUARIO,ID_LIGA,ID_EQUIPOLOCAL,ID_EQUIPOVISITANTE,APUESTA_LOCAL,APUESTA_VISITANTE,ID_ROL)
VALUES('J1',8,2,'ING','IRA',1,2,2);

INSERT INTO APUESTA(ID_JORNADA,ID_USUARIO,ID_LIGA,ID_EQUIPOLOCAL,ID_EQUIPOVISITANTE,APUESTA_LOCAL,APUESTA_VISITANTE,ID_ROL)
VALUES('J1',8,2,'USA','GAL',1,1,2);

INSERT INTO APUESTA(ID_JORNADA,ID_USUARIO,ID_LIGA,ID_EQUIPOLOCAL,ID_EQUIPOVISITANTE,APUESTA_LOCAL,APUESTA_VISITANTE,ID_ROL)
VALUES('J1',8,2,'ARG','ARA',4,1,2);

INSERT INTO APUESTA(ID_JORNADA,ID_USUARIO,ID_LIGA,ID_EQUIPOLOCAL,ID_EQUIPOVISITANTE,APUESTA_LOCAL,APUESTA_VISITANTE,ID_ROL)
VALUES('J1',8,2,'DIN','TUN',3,2,2);

INSERT INTO APUESTA(ID_JORNADA,ID_USUARIO,ID_LIGA,ID_EQUIPOLOCAL,ID_EQUIPOVISITANTE,APUESTA_LOCAL,APUESTA_VISITANTE,ID_ROL)
VALUES('J1',8,2,'MEX','POL',0,0,2);

INSERT INTO APUESTA(ID_JORNADA,ID_USUARIO,ID_LIGA,ID_EQUIPOLOCAL,ID_EQUIPOVISITANTE,APUESTA_LOCAL,APUESTA_VISITANTE,ID_ROL)
VALUES('J1',8,2,'FRA','AUS',0,4,2);

INSERT INTO APUESTA(ID_JORNADA,ID_USUARIO,ID_LIGA,ID_EQUIPOLOCAL,ID_EQUIPOVISITANTE,APUESTA_LOCAL,APUESTA_VISITANTE,ID_ROL)
VALUES('J1',8,2,'MARR','CRO',2,1,2);

INSERT INTO APUESTA(ID_JORNADA,ID_USUARIO,ID_LIGA,ID_EQUIPOLOCAL,ID_EQUIPOVISITANTE,APUESTA_LOCAL,APUESTA_VISITANTE,ID_ROL)
VALUES('J1',8,2,'ALE','JAP',1,3,2);

INSERT INTO APUESTA(ID_JORNADA,ID_USUARIO,ID_LIGA,ID_EQUIPOLOCAL,ID_EQUIPOVISITANTE,APUESTA_LOCAL,APUESTA_VISITANTE,ID_ROL)
VALUES('J1',8,2,'ESP','CRC',1,0,2);

INSERT INTO APUESTA(ID_JORNADA,ID_USUARIO,ID_LIGA,ID_EQUIPOLOCAL,ID_EQUIPOVISITANTE,APUESTA_LOCAL,APUESTA_VISITANTE,ID_ROL)
VALUES('J1',8,2,'BEL','CAN',3,4,2);

INSERT INTO APUESTA(ID_JORNADA,ID_USUARIO,ID_LIGA,ID_EQUIPOLOCAL,ID_EQUIPOVISITANTE,APUESTA_LOCAL,APUESTA_VISITANTE,ID_ROL)
VALUES('J1',8,2,'SUI','CAM',1,0,2);

INSERT INTO APUESTA(ID_JORNADA,ID_USUARIO,ID_LIGA,ID_EQUIPOLOCAL,ID_EQUIPOVISITANTE,APUESTA_LOCAL,APUESTA_VISITANTE,ID_ROL)
VALUES('J1',8,2,'URU','KOR',2,0,2);

INSERT INTO APUESTA(ID_JORNADA,ID_USUARIO,ID_LIGA,ID_EQUIPOLOCAL,ID_EQUIPOVISITANTE,APUESTA_LOCAL,APUESTA_VISITANTE,ID_ROL)
VALUES('J1',8,2,'POR','GHA',2,0,2);

INSERT INTO APUESTA(ID_JORNADA,ID_USUARIO,ID_LIGA,ID_EQUIPOLOCAL,ID_EQUIPOVISITANTE,APUESTA_LOCAL,APUESTA_VISITANTE,ID_ROL)
VALUES('J1',8,2,'BRA','SER',2,1,2);


--USUARIO 9
INSERT INTO APUESTA(ID_JORNADA,ID_USUARIO,ID_LIGA,ID_EQUIPOLOCAL,ID_EQUIPOVISITANTE,APUESTA_LOCAL,APUESTA_VISITANTE,ID_ROL)
VALUES('J1',9,2,'QAT','ECU',2,1,2);

INSERT INTO APUESTA(ID_JORNADA,ID_USUARIO,ID_LIGA,ID_EQUIPOLOCAL,ID_EQUIPOVISITANTE,APUESTA_LOCAL,APUESTA_VISITANTE,ID_ROL)
VALUES('J1',9,2,'SEN','HOL',2,1,2);

INSERT INTO APUESTA(ID_JORNADA,ID_USUARIO,ID_LIGA,ID_EQUIPOLOCAL,ID_EQUIPOVISITANTE,APUESTA_LOCAL,APUESTA_VISITANTE,ID_ROL)
VALUES('J1',9,2,'ING','IRA',1,2,2);

INSERT INTO APUESTA(ID_JORNADA,ID_USUARIO,ID_LIGA,ID_EQUIPOLOCAL,ID_EQUIPOVISITANTE,APUESTA_LOCAL,APUESTA_VISITANTE,ID_ROL)
VALUES('J1',9,2,'USA','GAL',1,0,2);

INSERT INTO APUESTA(ID_JORNADA,ID_USUARIO,ID_LIGA,ID_EQUIPOLOCAL,ID_EQUIPOVISITANTE,APUESTA_LOCAL,APUESTA_VISITANTE,ID_ROL)
VALUES('J1',9,2,'ARG','ARA',2,1,2);

INSERT INTO APUESTA(ID_JORNADA,ID_USUARIO,ID_LIGA,ID_EQUIPOLOCAL,ID_EQUIPOVISITANTE,APUESTA_LOCAL,APUESTA_VISITANTE,ID_ROL)
VALUES('J1',9,2,'DIN','TUN',3,0,2);

INSERT INTO APUESTA(ID_JORNADA,ID_USUARIO,ID_LIGA,ID_EQUIPOLOCAL,ID_EQUIPOVISITANTE,APUESTA_LOCAL,APUESTA_VISITANTE,ID_ROL)
VALUES('J1',9,2,'MEX','POL',0,4,2);

INSERT INTO APUESTA(ID_JORNADA,ID_USUARIO,ID_LIGA,ID_EQUIPOLOCAL,ID_EQUIPOVISITANTE,APUESTA_LOCAL,APUESTA_VISITANTE,ID_ROL)
VALUES('J1',9,2,'FRA','AUS',0,1,2);

INSERT INTO APUESTA(ID_JORNADA,ID_USUARIO,ID_LIGA,ID_EQUIPOLOCAL,ID_EQUIPOVISITANTE,APUESTA_LOCAL,APUESTA_VISITANTE,ID_ROL)
VALUES('J1',9,2,'MARR','CRO',0,1,2);

INSERT INTO APUESTA(ID_JORNADA,ID_USUARIO,ID_LIGA,ID_EQUIPOLOCAL,ID_EQUIPOVISITANTE,APUESTA_LOCAL,APUESTA_VISITANTE,ID_ROL)
VALUES('J1',9,2,'ALE','JAP',1,0,2);

INSERT INTO APUESTA(ID_JORNADA,ID_USUARIO,ID_LIGA,ID_EQUIPOLOCAL,ID_EQUIPOVISITANTE,APUESTA_LOCAL,APUESTA_VISITANTE,ID_ROL)
VALUES('J1',9,2,'ESP','CRC',1,2,2);

INSERT INTO APUESTA(ID_JORNADA,ID_USUARIO,ID_LIGA,ID_EQUIPOLOCAL,ID_EQUIPOVISITANTE,APUESTA_LOCAL,APUESTA_VISITANTE,ID_ROL)
VALUES('J1',9,2,'BEL','CAN',3,4,2);

INSERT INTO APUESTA(ID_JORNADA,ID_USUARIO,ID_LIGA,ID_EQUIPOLOCAL,ID_EQUIPOVISITANTE,APUESTA_LOCAL,APUESTA_VISITANTE,ID_ROL)
VALUES('J1',9,2,'SUI','CAM',1,2,2);

INSERT INTO APUESTA(ID_JORNADA,ID_USUARIO,ID_LIGA,ID_EQUIPOLOCAL,ID_EQUIPOVISITANTE,APUESTA_LOCAL,APUESTA_VISITANTE,ID_ROL)
VALUES('J1',9,2,'URU','KOR',0,0,2);

INSERT INTO APUESTA(ID_JORNADA,ID_USUARIO,ID_LIGA,ID_EQUIPOLOCAL,ID_EQUIPOVISITANTE,APUESTA_LOCAL,APUESTA_VISITANTE,ID_ROL)
VALUES('J1',9,2,'POR','GHA',1,0,2);

INSERT INTO APUESTA(ID_JORNADA,ID_USUARIO,ID_LIGA,ID_EQUIPOLOCAL,ID_EQUIPOVISITANTE,APUESTA_LOCAL,APUESTA_VISITANTE,ID_ROL)
VALUES('J1',9,2,'BRA','SER',0,1,2);


--USUARIO 10
INSERT INTO APUESTA(ID_JORNADA,ID_USUARIO,ID_LIGA,ID_EQUIPOLOCAL,ID_EQUIPOVISITANTE,APUESTA_LOCAL,APUESTA_VISITANTE,ID_ROL)
VALUES('J1',10,2,'QAT','ECU',2,3,2);

INSERT INTO APUESTA(ID_JORNADA,ID_USUARIO,ID_LIGA,ID_EQUIPOLOCAL,ID_EQUIPOVISITANTE,APUESTA_LOCAL,APUESTA_VISITANTE,ID_ROL)
VALUES('J1',10,2,'SEN','HOL',2,0,2);

INSERT INTO APUESTA(ID_JORNADA,ID_USUARIO,ID_LIGA,ID_EQUIPOLOCAL,ID_EQUIPOVISITANTE,APUESTA_LOCAL,APUESTA_VISITANTE,ID_ROL)
VALUES('J1',10,2,'ING','IRA',2,0,2);

INSERT INTO APUESTA(ID_JORNADA,ID_USUARIO,ID_LIGA,ID_EQUIPOLOCAL,ID_EQUIPOVISITANTE,APUESTA_LOCAL,APUESTA_VISITANTE,ID_ROL)
VALUES('J1',10,2,'USA','GAL',6,0,2);

INSERT INTO APUESTA(ID_JORNADA,ID_USUARIO,ID_LIGA,ID_EQUIPOLOCAL,ID_EQUIPOVISITANTE,APUESTA_LOCAL,APUESTA_VISITANTE,ID_ROL)
VALUES('J1',10,2,'ARG','ARA',2,4,2);

INSERT INTO APUESTA(ID_JORNADA,ID_USUARIO,ID_LIGA,ID_EQUIPOLOCAL,ID_EQUIPOVISITANTE,APUESTA_LOCAL,APUESTA_VISITANTE,ID_ROL)
VALUES('J1',10,2,'DIN','TUN',2,0,2);

INSERT INTO APUESTA(ID_JORNADA,ID_USUARIO,ID_LIGA,ID_EQUIPOLOCAL,ID_EQUIPOVISITANTE,APUESTA_LOCAL,APUESTA_VISITANTE,ID_ROL)
VALUES('J1',10,2,'MEX','POL',3,4,2);

INSERT INTO APUESTA(ID_JORNADA,ID_USUARIO,ID_LIGA,ID_EQUIPOLOCAL,ID_EQUIPOVISITANTE,APUESTA_LOCAL,APUESTA_VISITANTE,ID_ROL)
VALUES('J1',10,2,'FRA','AUS',0,2,2);

INSERT INTO APUESTA(ID_JORNADA,ID_USUARIO,ID_LIGA,ID_EQUIPOLOCAL,ID_EQUIPOVISITANTE,APUESTA_LOCAL,APUESTA_VISITANTE,ID_ROL)
VALUES('J1',10,2,'MARR','CRO',2,1,2);

INSERT INTO APUESTA(ID_JORNADA,ID_USUARIO,ID_LIGA,ID_EQUIPOLOCAL,ID_EQUIPOVISITANTE,APUESTA_LOCAL,APUESTA_VISITANTE,ID_ROL)
VALUES('J1',10,2,'ALE','JAP',1,3,2);

INSERT INTO APUESTA(ID_JORNADA,ID_USUARIO,ID_LIGA,ID_EQUIPOLOCAL,ID_EQUIPOVISITANTE,APUESTA_LOCAL,APUESTA_VISITANTE,ID_ROL)
VALUES('J1',10,2,'ESP','CRC',4,2,2);

INSERT INTO APUESTA(ID_JORNADA,ID_USUARIO,ID_LIGA,ID_EQUIPOLOCAL,ID_EQUIPOVISITANTE,APUESTA_LOCAL,APUESTA_VISITANTE,ID_ROL)
VALUES('J1',10,2,'BEL','CAN',3,0,2);

INSERT INTO APUESTA(ID_JORNADA,ID_USUARIO,ID_LIGA,ID_EQUIPOLOCAL,ID_EQUIPOVISITANTE,APUESTA_LOCAL,APUESTA_VISITANTE,ID_ROL)
VALUES('J1',10,2,'SUI','CAM',0,2,2);

INSERT INTO APUESTA(ID_JORNADA,ID_USUARIO,ID_LIGA,ID_EQUIPOLOCAL,ID_EQUIPOVISITANTE,APUESTA_LOCAL,APUESTA_VISITANTE,ID_ROL)
VALUES('J1',10,2,'URU','KOR',0,2,2);

INSERT INTO APUESTA(ID_JORNADA,ID_USUARIO,ID_LIGA,ID_EQUIPOLOCAL,ID_EQUIPOVISITANTE,APUESTA_LOCAL,APUESTA_VISITANTE,ID_ROL)
VALUES('J1',10,2,'POR','GHA',1,3,2);

INSERT INTO APUESTA(ID_JORNADA,ID_USUARIO,ID_LIGA,ID_EQUIPOLOCAL,ID_EQUIPOVISITANTE,APUESTA_LOCAL,APUESTA_VISITANTE,ID_ROL)
VALUES('J1',10,2,'BRA','SER',2,1,2);
















